{
  "waymo": {
    "Conservative (Transport)": {
      "year": 2035,
      "scenario": "Conservative (Transport)",
      "company": "waymo",
      "fleet_operating": 120000,
      "gross_passenger_revenue": 22.62517581859176,
      "net_platform_revenue": 7.918811536507115,
      "asset_layer_revenue": 0.0,
      "total_platform_revenue": 7.918811536507115,
      "revenue_miles_per_vehicle_day": 271.87185554664455,
      "utilization_efficiency": 0.24995058969245326,
      "terminal_multiple": 17,
      "terminal_value_billions": 134.61979612062095,
      "pv_at_10pct_wacc_billions": 51.963241302559695
    },
    "Infrastructure Layer": {
      "year": 2035,
      "scenario": "Infrastructure Layer",
      "company": "waymo",
      "fleet_operating": 2000000,
      "gross_passenger_revenue": 377.0431265909977,
      "net_platform_revenue": 131.96509430684918,
      "asset_layer_revenue": 26.393018861369832,
      "total_platform_revenue": 158.35811316821903,
      "revenue_miles_per_vehicle_day": 271.84075457173594,
      "utilization_efficiency": 0.24983619963123363,
      "terminal_multiple": 32,
      "terminal_value_billions": 5067.459621383009,
      "pv_at_10pct_wacc_billions": 1956.0394138538416
    },
    "Natural Monopoly": {
      "year": 2035,
      "scenario": "Natural Monopoly",
      "company": "waymo",
      "fleet_operating": 3871525,
      "gross_passenger_revenue": 729.6626686430608,
      "net_platform_revenue": 255.38193402507125,
      "asset_layer_revenue": 102.15277361002849,
      "total_platform_revenue": 357.5347076350997,
      "revenue_miles_per_vehicle_day": 271.7650065590901,
      "utilization_efficiency": 0.24955759679549347,
      "terminal_multiple": 45,
      "terminal_value_billions": 16089.061843579488,
      "pv_at_10pct_wacc_billions": 6210.377871621683
    },
    "Ownership Disruption": {
      "year": 2035,
      "scenario": "Ownership Disruption",
      "company": "waymo",
      "fleet_operating": 10000000,
      "gross_passenger_revenue": 1866.2068844194453,
      "net_platform_revenue": 653.1724095468057,
      "asset_layer_revenue": 391.90344572808357,
      "total_platform_revenue": 1045.0758552748894,
      "revenue_miles_per_vehicle_day": 269.099767039574,
      "utilization_efficiency": 0.2397547879543461,
      "terminal_multiple": 50,
      "terminal_value_billions": 52253.79276374446,
      "pv_at_10pct_wacc_billions": 20169.964006805363
    }
  },
  "tesla": {
    "Conservative (Transport)": {
      "year": 2035,
      "scenario": "Conservative (Transport)",
      "company": "tesla",
      "fleet_operating": 200000,
      "gross_passenger_revenue": 17.601471563419683,
      "net_platform_revenue": 4.928412037757512,
      "asset_layer_revenue": 0.0,
      "total_platform_revenue": 4.928412037757512,
      "revenue_miles_per_vehicle_day": 219.19640801269838,
      "utilization_efficiency": 0.24994942383062363,
      "terminal_multiple": 17,
      "terminal_value_billions": 83.78300464187768,
      "pv_at_10pct_wacc_billions": 32.34023979176479
    },
    "Infrastructure Layer": {
      "year": 2035,
      "scenario": "Infrastructure Layer",
      "company": "tesla",
      "fleet_operating": 5000000,
      "gross_passenger_revenue": 439.82648576582017,
      "net_platform_revenue": 123.15141601442967,
      "asset_layer_revenue": 24.63028320288593,
      "total_platform_revenue": 147.7816992173156,
      "revenue_miles_per_vehicle_day": 219.09164919841606,
      "utilization_efficiency": 0.24947152587174504,
      "terminal_multiple": 32,
      "terminal_value_billions": 4729.014374954099,
      "pv_at_10pct_wacc_billions": 1825.3995487322825
    },
    "Natural Monopoly": {
      "year": 2035,
      "scenario": "Natural Monopoly",
      "company": "tesla",
      "fleet_operating": 8899471,
      "gross_passenger_revenue": 781.3111500242875,
      "net_platform_revenue": 218.76712200680052,
      "asset_layer_revenue": 87.50684880272019,
      "total_platform_revenue": 306.2739708095207,
      "revenue_miles_per_vehicle_day": 218.66248275238195,
      "utilization_efficiency": 0.2475137166889668,
      "terminal_multiple": 45,
      "terminal_value_billions": 13782.328686428431,
      "pv_at_10pct_wacc_billions": 5319.978872961375
    },
    "Ownership Disruption": {
      "year": 2035,
      "scenario": "Ownership Disruption",
      "company": "tesla",
      "fleet_operating": 30000000,
      "gross_passenger_revenue": 207.0764258417728,
      "net_platform_revenue": 57.98139923569639,
      "asset_layer_revenue": 34.788839541417836,
      "total_platform_revenue": 92.77023877711423,
      "revenue_miles_per_vehicle_day": 17.19189919815465,
      "utilization_efficiency": -0.6715724844507808,
      "terminal_multiple": 50,
      "terminal_value_billions": 4638.511938855711,
      "pv_at_10pct_wacc_billions": 1790.4656083983045
    }
  }
}